Date,Open,High,Low,Close,Adj Close,Volume
2015-01-01,94.699997,95.699997,92.550003,95.25,92.556175,7216.0
2015-01-02,96.900002,96.900002,93.75,95.150002,92.459007,7045.0
2015-01-05,96.0,98.0,94.5,95.25,92.556175,18363.0
2015-01-06,94.5,95.449997,92.5,93.849998,91.19577,5782.0
2015-01-07,94.0,94.0,90.400002,93.099998,90.466988,8773.0
2015-01-08,93.0,94.5,92.050003,93.949997,91.292946,8407.0
2015-01-09,93.5,94.849998,90.900002,92.099998,89.49526999999999,7134.0
2015-01-12,93.400002,93.400002,90.0,91.699997,89.106575,9143.0
2015-01-13,91.5,91.900002,89.0,89.75,87.21172299999999,7923.0
2015-01-14,90.599998,90.599998,87.199997,89.25,86.725868,4258.0
2015-01-15,89.0,93.699997,87.0,90.550003,87.98910500000001,22960.0
2015-01-16,89.25,90.650002,86.0,87.099998,84.636673,10920.0
2015-01-19,86.5,86.5,82.599998,84.050003,81.672935,13345.0
2015-01-20,83.599998,85.849998,80.300003,81.300003,79.00071,16125.0
2015-01-21,81.0,91.699997,79.5,87.349998,84.879601,80861.0
2015-01-22,88.800003,95.0,88.75,90.349998,87.794754,80681.0
2015-01-23,91.0,91.0,86.75,89.349998,86.823036,11354.0
2015-01-27,89.349998,89.349998,85.150002,88.199997,85.705559,15116.0
2015-01-28,87.5,87.650002,85.25,87.300003,84.831017,8968.0
2015-01-29,88.449997,88.449997,85.349998,86.25,83.810715,10139.0
2015-01-30,85.349998,88.0,85.0,86.5,84.05364200000001,13636.0
2015-02-02,85.800003,88.5,85.0,87.900002,85.414047,11096.0
2015-02-03,88.0,88.0,84.5,85.650002,83.227684,8551.0
2015-02-04,85.5,87.0,82.5,84.199997,81.818687,15077.0
2015-02-05,83.5,98.800003,82.550003,90.800003,88.232033,244166.0
2015-02-06,90.0,90.449997,84.0,84.949997,82.54746999999999,15722.0
2015-02-09,84.349998,89.800003,81.5,88.0,85.511215,40219.0
2015-02-10,88.800003,89.699997,84.099998,87.949997,85.462631,23436.0
2015-02-11,87.5,88.0,86.599998,87.400002,84.92819200000001,15931.0
2015-02-12,87.0,87.449997,84.099998,85.199997,82.790405,19550.0
2015-02-13,84.699997,86.449997,83.25,84.349998,81.964439,8937.0
2015-02-16,87.0,87.949997,82.199997,83.199997,80.84697,15706.0
2015-02-18,83.199997,83.949997,81.5,82.599998,80.26393900000001,17877.0
2015-02-19,88.0,88.0,81.0,82.0,79.680908,9495.0
2015-02-20,81.800003,83.849998,80.150002,83.349998,80.992729,11569.0
2015-02-23,82.900002,84.800003,80.5,81.800003,79.486572,15007.0
2015-02-24,81.300003,82.800003,79.5,80.150002,77.88323199999999,8658.0
2015-02-25,79.5,80.949997,77.099998,78.349998,76.13414,7913.0
2015-02-26,77.699997,78.75,75.050003,75.650002,73.510506,10506.0
2015-02-27,77.0,77.0,72.25,75.699997,73.55908199999999,36691.0
2015-02-28,,,,,,
2015-03-02,76.0,77.5,75.0,76.25,74.093529,7574.0
2015-03-03,77.300003,77.300003,74.599998,76.300003,74.14211999999999,4035.0
2015-03-04,76.099998,78.800003,72.0,73.800003,71.712822,14237.0
2015-03-05,73.0,74.150002,72.099998,73.900002,71.80999,7716.0
2015-03-09,73.900002,76.900002,70.25,73.949997,71.858574,23126.0
2015-03-10,75.949997,75.949997,72.300003,73.5,71.42130300000001,8012.0
2015-03-11,73.0,74.5,71.650002,73.300003,71.226967,6287.0
2015-03-12,73.0,74.199997,72.0,73.75,71.66423,4327.0
2015-03-13,74.0,74.150002,71.0,72.699997,70.643929,6525.0
2015-03-16,72.300003,72.900002,70.099998,70.699997,68.700485,8877.0
2015-03-17,70.099998,71.949997,70.0,71.300003,69.283524,5901.0
2015-03-18,70.599998,72.349998,69.300003,71.699997,69.672211,8494.0
2015-03-19,71.0,74.5,70.099998,72.900002,70.838272,9798.0
2015-03-20,74.449997,74.449997,70.050003,71.400002,69.38069899999999,62581.0
2015-03-23,71.0,74.0,69.25,73.699997,71.615646,6317.0
2015-03-24,73.300003,73.75,71.0,72.699997,70.643929,22251.0
2015-03-25,71.25,73.5,71.0,72.849998,70.789688,24137.0
2015-03-26,72.199997,72.650002,70.75,71.800003,69.769386,29403.0
2015-03-27,71.5,74.699997,69.550003,72.550003,70.49816899999999,19438.0
2015-03-30,72.0,74.699997,71.050003,73.050003,70.984039,7069.0
2015-03-31,72.699997,81.25,72.0,75.550003,73.41333,15610.0
2015-04-01,77.599998,77.599998,74.0,77.099998,74.919487,3012.0
2015-04-06,77.099998,79.0,76.0,78.349998,76.13414,21374.0
2015-04-07,78.050003,78.050003,77.050003,77.599998,75.40535,5669.0
2015-04-08,76.75,78.5,75.300003,76.599998,74.433624,17787.0
2015-04-09,76.599998,76.599998,73.599998,74.949997,72.830292,5836.0
2015-04-10,74.599998,76.900002,74.199997,76.099998,73.947769,4049.0
2015-04-13,75.599998,78.0,75.150002,76.650002,74.48221600000001,4847.0
2015-04-15,76.650002,76.900002,74.5,76.75,74.579391,5153.0
2015-04-16,77.650002,77.650002,74.349998,76.150002,73.996361,4308.0
2015-04-17,,,,,,
2015-04-20,,,,,,
2015-04-21,73.75,74.400002,72.199997,74.199997,72.101501,5113.0
2015-04-22,73.699997,74.800003,71.199997,72.25,70.20665699999999,4837.0
2015-04-23,73.599998,74.199997,72.0,73.849998,71.76140600000001,2598.0
2015-04-24,73.5,73.5,72.050003,72.599998,70.54675300000001,2532.0
2015-04-27,72.0,72.0,69.199997,70.949997,68.943413,4591.0
2015-04-28,70.0,77.0,69.5,74.0,71.907158,7611.0
2015-04-29,75.0,80.0,73.0,78.099998,75.891212,52516.0
2015-04-30,77.5,81.599998,75.75,79.199997,76.960098,10076.0
2015-05-04,78.349998,84.400002,77.050003,82.75,80.40969799999999,9359.0
2015-05-05,82.099998,82.849998,80.5,82.199997,79.875252,7991.0
2015-05-06,82.0,83.5,75.599998,80.300003,78.028992,19802.0
2015-05-07,79.0,81.75,76.099998,78.449997,76.2313,19441.0
2015-05-08,,,,,,
2015-05-11,,,,,,
2015-05-12,83.800003,83.800003,78.599998,80.449997,78.17474399999999,10499.0
2015-05-13,81.0,83.800003,81.0,82.75,80.40969799999999,11054.0
2015-05-14,80.0,88.0,80.0,86.75,84.29656999999999,22966.0
2015-05-15,84.25,89.0,84.25,88.0,85.511215,12524.0
2015-05-18,89.0,89.5,85.150002,87.349998,84.879601,10014.0
2015-05-19,,,,,,
2015-05-20,85.400002,87.5,83.75,85.199997,82.790405,3724.0
2015-05-21,85.199997,85.949997,83.75,85.449997,83.033333,4591.0
2015-05-22,,,,,,
2015-05-25,83.5,85.849998,81.75,84.449997,82.061615,3730.0
2015-05-26,,,,,,
2015-05-27,83.5,86.0,82.099998,84.300003,81.915863,7012.0
2015-05-28,83.5,87.0,83.050003,86.900002,84.442329,3180.0
2015-05-29,86.5,86.5,83.0,85.300003,82.88758100000001,6902.0
2015-06-01,,,,,,
2015-06-02,82.5,82.5,80.400002,81.949997,79.632324,9101.0
2015-06-03,82.949997,82.949997,70.150002,72.150002,70.109482,12570.0
2015-06-04,77.0,82.0,72.400002,78.449997,76.2313,15833.0
2015-06-05,,,,,,
2015-06-08,,,,,,
2015-06-09,,,,,,
2015-06-10,78.0,78.5,76.550003,77.75,75.551109,1482.0
2015-06-11,,,,,,
2015-06-12,,,,,,
2015-06-15,,,,,,
2015-06-16,,,,,,
2015-06-17,,,,,,
2015-06-18,72.0,73.900002,72.0,73.0,70.93544,4429.0
2015-06-19,76.5,76.5,71.550003,72.099998,70.060898,2142.0
2015-06-22,,,,,,
2015-06-23,,,,,,
2015-06-24,73.900002,74.849998,71.199997,71.699997,69.672211,6368.0
2015-06-25,71.25,72.949997,70.699997,71.75,69.720795,1918.0
2015-06-26,,,,,,
2015-06-29,,,,,,
2015-06-30,70.349998,72.550003,70.349998,72.150002,70.109482,1241.0
2015-07-01,71.699997,72.949997,70.699997,71.699997,69.672211,1022.0
2015-07-02,,,,,,
2015-07-03,,,,,,
2015-07-06,,,,,,
2015-07-07,,,,,,
2015-07-08,,,,,,
2015-07-09,72.0,74.449997,71.550003,72.849998,70.789688,4941.0
2015-07-10,,,,,,
2015-07-13,79.0,79.0,71.599998,72.849998,70.789688,7101.0
2015-07-14,72.5,74.900002,71.900002,74.150002,72.05291700000001,4119.0
2015-07-15,,,,,,
2015-07-16,,,,,,
2015-07-17,,,,,,
2015-07-20,,,,,,
2015-07-21,75.199997,85.650002,72.599998,79.449997,77.203026,405297.0
2015-07-22,,,,,,
2015-07-23,,,,,,
2015-07-24,76.949997,76.949997,72.949997,73.699997,71.615646,18427.0
2015-07-27,,,,,,
2015-07-28,,,,,,
2015-07-29,,,,,,
2015-07-30,,,,,,
2015-07-31,,,,,,
2015-08-03,,,,,,
2015-08-04,,,,,,
2015-08-05,72.599998,74.5,72.599998,74.050003,71.95575699999999,9714.0
2015-08-06,,,,,,
2015-08-07,,,,,,
2015-08-10,,,,,,
2015-08-11,,,,,,
2015-08-12,75.050003,75.050003,72.400002,74.099998,72.004333,11111.0
2015-08-13,74.900002,75.0,73.599998,74.800003,72.68454,8426.0
2015-08-14,74.5,78.800003,74.199997,77.5,75.30818199999999,19420.0
2015-08-17,77.050003,86.0,77.050003,81.849998,79.535149,55543.0
2015-08-18,81.849998,84.5,81.849998,82.650002,80.312531,26769.0
2015-08-19,82.300003,98.949997,79.699997,96.5,93.770821,174360.0
2015-08-20,96.400002,96.400002,86.199997,88.050003,85.559814,51420.0
2015-08-21,84.0,92.25,84.0,90.349998,87.794754,42039.0
2015-08-24,86.0,88.0,73.099998,77.050003,74.870903,47557.0
2015-08-25,74.0,87.949997,71.0,85.550003,83.13050799999999,39105.0
2015-08-26,85.550003,87.0,80.800003,84.949997,82.54746999999999,9868.0
2015-08-27,88.800003,90.5,86.199997,89.400002,86.871628,39162.0
2015-08-28,91.0,107.25,88.849998,103.900002,100.961548,274133.0
2015-08-31,105.599998,124.650002,101.400002,124.199997,120.687424,681569.0
2015-09-01,120.75,134.899994,118.099998,122.050003,118.59823600000001,661655.0
2015-09-02,126.949997,128.0,109.849998,109.849998,106.74326299999998,198661.0
2015-09-03,109.949997,114.5,102.0,103.300003,100.378517,187375.0
2015-09-04,105.400002,106.5,95.099998,96.199997,93.479309,67224.0
2015-09-07,99.800003,99.800003,91.550003,93.199997,90.56415600000001,45178.0
2015-09-08,91.5,95.0,89.199997,93.199997,90.56415600000001,51108.0
2015-09-09,94.0,97.5,94.0,96.949997,94.208099,27428.0
2015-09-10,95.0,98.449997,93.0,97.0,94.256683,22705.0
2015-09-11,97.449997,101.849998,97.0,101.849998,98.969521,24398.0
2015-09-14,106.0,106.900002,105.449997,106.900002,103.876701,24313.0
2015-09-15,111.849998,112.199997,108.25,112.199997,109.026802,52192.0
2015-09-16,114.099998,116.900002,106.599998,108.25,105.188515,35272.0
2015-09-18,108.25,113.650002,107.0,113.650002,110.435799,26312.0
2015-09-21,115.099998,117.0,112.5,114.650002,111.40751599999999,30040.0
2015-09-22,114.0,117.0,110.099998,112.599998,109.415489,19985.0
2015-09-23,111.150002,111.150002,107.099998,110.0,108.088951,32253.0
2015-09-24,109.050003,114.0,108.300003,111.800003,109.857681,26023.0
2015-09-28,111.800003,111.900002,108.199997,110.0,108.088951,14649.0
2015-09-29,107.0,113.599998,106.0,112.199997,110.250725,31234.0
2015-09-30,108.5,116.0,108.5,114.849998,112.85468300000001,10370.0
2015-10-01,113.150002,116.900002,110.099998,114.550003,112.55990600000001,11463.0
2015-10-05,114.550003,126.0,111.5,120.949997,118.84870900000001,74350.0
2015-10-06,121.0,122.400002,110.699997,117.099998,115.065598,18651.0
2015-10-07,115.0,116.849998,110.0,114.150002,112.166847,12043.0
2015-10-08,112.550003,118.699997,111.25,114.849998,112.85468300000001,21694.0
2015-10-09,116.900002,120.0,114.0,115.900002,113.886444,19686.0
2015-10-12,117.699997,117.699997,112.050003,113.800003,111.822929,12262.0
2015-10-13,115.0,116.349998,111.050003,114.400002,112.41250600000001,7424.0
2015-10-14,114.800003,114.800003,111.650002,113.650002,111.675537,4741.0
2015-10-15,113.449997,114.5,110.099998,112.300003,110.348991,153357.0
2015-10-16,115.0,118.800003,112.050003,116.199997,114.181229,18971.0
2015-10-19,117.800003,117.800003,112.5,116.5,114.476021,9018.0
2015-10-20,114.550003,124.800003,113.300003,118.449997,116.39214299999999,56152.0
2015-10-21,120.0,120.5,114.0,116.849998,114.81993899999999,16599.0
2015-10-23,116.849998,118.0,113.099998,115.900002,113.886444,12888.0
2015-10-26,115.0,116.949997,112.550003,114.349998,112.363373,6595.0
2015-10-27,113.099998,115.400002,111.050003,113.050003,111.08596000000001,7641.0
2015-10-28,111.550003,114.0,109.0,110.199997,108.28546899999999,12129.0
2015-10-29,110.050003,110.050003,104.550003,106.0,104.15844,24601.0
2015-10-30,107.0,108.949997,100.5,102.849998,101.063164,18167.0
2015-11-02,106.650002,108.0,103.25,105.599998,103.765388,16564.0
2015-11-03,108.849998,108.900002,103.650002,104.800003,102.979294,15078.0
2015-11-04,104.199997,105.949997,98.5,102.400002,100.620987,10039.0
2015-11-05,101.0,102.75,92.5,95.099998,93.447807,20174.0
2015-11-06,94.0,97.0,86.75,91.349998,89.762955,33515.0
2015-11-09,90.0,93.0,82.5,91.699997,90.106873,20165.0
2015-11-10,88.199997,105.0,79.0,88.199997,86.667679,217217.0
2015-11-13,88.199997,100.900002,88.199997,98.050003,96.346558,16429.0
2015-11-16,95.449997,97.449997,91.400002,93.150002,91.531685,17138.0
2015-11-17,97.900002,97.900002,92.550003,94.0,92.36692,13480.0
2015-11-18,94.0,95.25,92.300003,94.150002,92.514313,13846.0
2015-11-19,93.050003,104.699997,91.849998,102.650002,100.866646,44959.0
2015-11-20,102.650002,105.900002,101.0,104.550003,102.73363499999999,16404.0
2015-11-23,103.199997,110.0,102.599998,104.650002,102.83189399999999,24496.0
2015-11-24,105.0,106.900002,100.25,105.75,103.91278100000001,153522.0
2015-11-26,105.75,111.050003,102.900002,109.25,107.351974,24352.0
2015-11-27,110.5,111.800003,106.050003,109.75,107.84329199999999,15422.0
2015-11-30,111.849998,111.900002,109.0,110.5,108.58026100000001,14889.0
2015-12-01,111.0,111.0,108.150002,109.699997,107.79415900000001,12921.0
2015-12-02,109.0,113.5,104.449997,106.5,104.649757,117068.0
2015-12-03,108.650002,108.699997,102.900002,104.25,102.438843,65697.0
2015-12-04,106.400002,109.800003,102.800003,107.5,105.632378,17350.0
2015-12-07,109.0,109.0,104.150002,106.550003,104.698891,8592.0
2015-12-08,107.849998,107.900002,102.099998,104.800003,102.979294,12334.0
2015-12-09,104.0,104.0,96.0,98.550003,96.837875,27565.0
2015-12-10,102.949997,104.0,99.150002,102.800003,101.014038,9367.0
2015-12-11,102.050003,104.849998,99.099998,102.25,100.473587,7497.0
2015-12-14,101.0,103.849998,101.0,102.800003,101.014038,4990.0
2015-12-15,106.0,109.0,102.5,105.349998,103.51973000000001,13776.0
2015-12-16,106.75,106.800003,102.349998,103.75,101.94753299999999,6318.0
2015-12-17,106.0,106.0,102.099998,105.099998,103.274078,9271.0
2015-12-18,103.5,106.800003,102.550003,105.449997,103.61799599999999,6580.0
2015-12-21,104.050003,107.449997,104.0,106.599998,104.748016,16286.0
2015-12-22,107.0,109.0,105.5,107.199997,105.337593,10036.0
2015-12-23,108.900002,108.900002,102.0,104.050003,102.242325,152935.0
2015-12-24,105.949997,106.949997,103.25,104.300003,102.487976,8764.0
2015-12-28,104.300003,106.0,103.900002,105.199997,103.372337,7597.0
2015-12-29,104.5,106.5,103.550003,104.949997,103.126678,12123.0
2015-12-30,104.550003,108.5,103.5,107.800003,105.92716999999999,11596.0
2015-12-31,107.050003,108.0,106.0,107.949997,106.07456200000001,4773.0
2016-01-01,110.0,112.0,109.0,110.099998,108.18721000000001,20369.0
2016-01-04,109.5,112.0,107.550003,110.699997,108.77678700000001,12574.0
2016-01-05,108.5,120.0,107.800003,108.900002,107.00805700000001,129121.0
2016-01-06,111.449997,111.5,107.550003,109.449997,107.5485,9858.0
2016-01-07,108.199997,108.199997,103.599998,105.550003,103.716263,15196.0
2016-01-08,107.050003,109.699997,100.849998,104.800003,102.979294,36776.0
2016-01-11,104.050003,109.0,102.050003,106.150002,104.30584,156052.0
2016-01-12,103.349998,107.849998,102.199997,105.099998,103.274078,21956.0
2016-01-13,105.75,105.75,95.0,102.050003,100.277069,35938.0
2016-01-14,101.0,101.0,94.0,94.900002,93.25128199999999,39553.0
2016-01-15,97.449997,97.949997,81.099998,84.650002,83.17935899999999,58683.0
2016-01-18,88.5,88.5,81.400002,84.400002,82.933701,25713.0
2016-01-19,84.400002,85.0,80.599998,84.699997,83.22848499999999,12991.0
2016-01-20,84.0,84.949997,82.0,84.050003,82.589783,4033.0
2016-01-21,83.050003,85.0,81.0,84.800003,83.326752,9091.0
2016-01-22,85.949997,87.800003,82.150002,84.150002,82.68804899999999,74818.0
2016-01-25,84.5,86.949997,84.199997,84.849998,83.375885,6010.0
2016-01-27,84.849998,86.400002,83.050003,85.599998,84.112854,9302.0
2016-01-28,84.0,86.599998,83.150002,84.550003,83.0811,5145.0
2016-01-29,89.949997,89.949997,83.300003,85.349998,83.867195,17313.0
2016-02-01,86.900002,88.5,85.0,87.800003,86.274635,3598.0
2016-02-02,87.0,88.199997,83.900002,86.050003,84.555038,3107.0
2016-02-03,85.5,85.5,80.5,81.949997,80.52626,13616.0
2016-02-04,79.150002,82.0,79.150002,79.849998,78.462746,11065.0
2016-02-05,79.900002,80.0,77.599998,79.199997,77.82403599999999,7607.0
2016-02-08,79.949997,80.449997,75.199997,78.0,76.64489,13763.0
2016-02-09,77.050003,78.949997,74.050003,77.75,76.399231,10524.0
2016-02-10,77.050003,78.25,71.449997,74.800003,73.500488,14760.0
2016-02-11,74.0,75.0,69.400002,72.150002,70.896523,14927.0
2016-02-12,72.150002,74.0,64.300003,73.099998,71.830017,18550.0
2016-02-15,74.0,82.699997,74.0,80.599998,79.199715,20861.0
2016-02-16,79.0,84.25,75.599998,81.550003,80.133217,39292.0
2016-02-17,80.550003,80.550003,73.0,73.800003,72.51786,19605.0
2016-02-18,76.0,76.699997,73.349998,75.150002,73.844406,11778.0
2016-02-19,75.900002,76.449997,73.550003,75.849998,74.53224200000001,2745.0
2016-02-22,75.0,76.900002,74.550003,76.849998,75.51487,25748.0
2016-02-23,76.0,76.0,73.150002,74.699997,73.402222,33377.0
2016-02-24,74.449997,74.449997,70.699997,72.599998,71.338707,7076.0
2016-02-25,71.349998,73.400002,68.550003,72.349998,71.093048,24422.0
2016-02-26,72.0,74.699997,71.050003,74.300003,73.009171,31124.0
2016-02-29,73.050003,74.849998,71.5,74.5,73.205696,3475.0
2016-03-01,74.800003,74.900002,73.949997,74.800003,73.500488,25184.0
2016-03-02,75.0,76.75,74.099998,74.650002,73.353088,43915.0
2016-03-03,76.900002,76.900002,74.150002,74.599998,73.303955,16558.0
2016-03-04,74.849998,75.5,73.0,74.400002,73.107437,19345.0
2016-03-08,74.400002,75.849998,73.550003,74.650002,73.353088,22147.0
2016-03-09,74.699997,75.849998,73.949997,74.949997,73.647873,19635.0
2016-03-10,74.199997,75.0,71.050003,72.25,70.994789,18174.0
2016-03-11,73.699997,78.0,73.0,74.550003,73.254829,31626.0
2016-03-14,74.150002,75.699997,72.5,73.449997,72.173935,11778.0
2016-03-15,73.099998,74.199997,71.75,73.300003,72.02655,10818.0
2016-03-16,74.0,74.0,71.699997,73.25,71.977409,16718.0
2016-03-17,75.800003,76.400002,71.900002,73.349998,72.075676,12154.0
2016-03-18,75.900002,76.449997,70.0,71.949997,70.699997,12015.0
2016-03-21,72.300003,74.5,72.300003,73.849998,72.566986,8130.0
2016-03-22,74.0,74.650002,71.599998,73.349998,72.075676,9645.0
2016-03-23,73.449997,76.0,72.150002,74.849998,73.549614,33887.0
2016-03-28,74.849998,77.900002,71.25,72.349998,71.093048,11631.0
2016-03-29,71.349998,75.0,71.0,72.300003,71.043922,28866.0
2016-03-30,72.5,75.0,72.25,74.0,72.714386,5585.0
2016-03-31,73.5,74.300003,71.5,72.550003,71.289574,14267.0
2016-04-01,74.449997,74.449997,72.300003,74.150002,72.861778,5132.0
2016-04-04,75.0,75.800003,71.699997,74.900002,73.598747,7328.0
2016-04-05,76.900002,76.900002,74.0,74.900002,73.598747,6278.0
2016-04-06,74.5,77.199997,73.150002,75.75,74.433983,5277.0
2016-04-07,76.5,76.900002,74.75,75.75,74.433983,12342.0
2016-04-08,78.0,78.0,74.25,75.800003,74.48311600000001,9247.0
2016-04-11,77.949997,77.949997,75.449997,77.099998,75.760521,3831.0
2016-04-12,77.099998,77.099998,73.699997,74.75,73.451355,13394.0
2016-04-13,74.5,75.75,73.900002,74.599998,73.303955,32606.0
2016-04-18,74.599998,83.599998,72.050003,80.650002,79.248856,34441.0
2016-04-20,80.650002,81.0,76.349998,76.849998,75.51487,29093.0
2016-04-21,77.099998,77.449997,75.0,76.050003,74.728767,12084.0
2016-04-22,78.449997,78.449997,75.0,76.650002,75.318344,14515.0
2016-04-25,75.449997,77.5,75.449997,76.949997,75.613129,13603.0
2016-04-26,76.0,76.949997,75.699997,76.449997,75.12181899999999,5423.0
2016-04-27,75.599998,77.449997,74.25,76.650002,75.318344,4229.0
2016-04-28,76.150002,80.650002,75.099998,75.900002,74.581375,83215.0
2016-04-29,75.900002,77.650002,74.199997,75.349998,74.040924,18147.0
2016-05-02,74.800003,76.949997,73.900002,76.599998,75.269211,6839.0
2016-05-03,76.0,77.699997,76.0,76.849998,75.51487,25836.0
2016-05-04,76.0,77.25,74.550003,76.650002,75.318344,6394.0
2016-05-05,77.0,77.25,75.5,76.599998,75.269211,3051.0
2016-05-06,76.0,76.949997,75.550003,76.449997,75.12181899999999,8132.0
2016-05-09,77.0,77.449997,75.550003,77.300003,75.957054,3690.0
2016-05-10,78.650002,78.650002,76.0,76.300003,74.974426,5562.0
2016-05-11,76.0,76.800003,75.0,76.099998,74.777901,4670.0
2016-05-12,76.099998,76.949997,75.5,76.550003,75.220085,3693.0
2016-05-13,76.0,77.150002,75.0,76.699997,75.36747,2995.0
2016-05-16,76.150002,77.0,75.099998,75.849998,74.53224200000001,4004.0
2016-05-17,75.849998,76.900002,75.650002,76.300003,74.974426,20724.0
2016-05-18,75.599998,77.400002,75.599998,76.5,75.170952,9618.0
2016-05-19,76.25,78.650002,74.550003,75.25,73.942665,40402.0
2016-05-20,76.0,76.0,74.650002,75.300003,73.991798,6817.0
2016-05-23,75.099998,76.599998,74.050003,75.599998,74.286583,6473.0
2016-05-24,75.0,75.300003,74.050003,74.650002,73.353088,8862.0
2016-05-25,73.650002,74.5,68.550003,69.199997,67.997772,41208.0
2016-05-26,69.900002,70.400002,68.349998,69.5,68.292564,9309.0
2016-05-27,71.5,71.5,68.0,68.5,67.309937,16535.0
2016-05-30,69.0,69.699997,67.550003,68.75,67.555595,7217.0
2016-05-31,68.150002,70.699997,66.849998,68.5,67.309937,4209.0
2016-06-01,68.75,70.949997,68.75,70.650002,69.422585,8241.0
2016-06-02,70.5,70.5,69.0,69.75,68.538216,5644.0
2016-06-03,70.0,70.0,68.0,69.650002,68.43995699999999,7143.0
2016-06-06,70.5,70.5,68.349998,69.650002,68.43995699999999,7290.0
2016-06-07,69.5,70.400002,69.0,70.099998,68.882133,3078.0
2016-06-08,69.5,69.5,68.599998,68.849998,67.65385400000001,9881.0
2016-06-09,68.599998,69.900002,68.300003,68.75,67.555595,49498.0
2016-06-10,72.0,72.0,68.300003,70.050003,68.83300799999999,7467.0
2016-06-13,70.050003,70.050003,68.650002,68.900002,67.702988,4781.0
2016-06-14,70.400002,70.400002,69.5,69.949997,68.734741,7504.0
2016-06-15,69.349998,69.949997,69.0,69.650002,68.43995699999999,8390.0
2016-06-16,70.0,70.0,67.75,68.849998,67.65385400000001,12549.0
2016-06-17,70.25,71.0,68.349998,69.099998,67.899513,25950.0
2016-06-20,68.650002,70.0,68.650002,69.650002,68.43995699999999,4933.0
2016-06-21,70.300003,70.449997,68.550003,69.199997,67.997772,5470.0
2016-06-22,68.550003,69.400002,68.5,69.050003,67.85038,5457.0
2016-06-23,68.5,69.550003,68.0,68.849998,67.65385400000001,5422.0
2016-06-24,68.0,68.5,66.5,68.25,67.064278,5377.0
2016-06-27,72.0,72.0,68.050003,69.050003,67.85038,11101.0
2016-06-28,68.5,71.800003,68.5,70.25,69.029533,9527.0
2016-06-29,71.0,74.0,71.0,72.25,70.994789,23050.0
2016-06-30,73.0,73.849998,72.150002,72.599998,71.338707,11266.0
2016-07-01,72.0,75.800003,72.0,74.25,72.960037,31789.0
2016-07-04,75.599998,77.949997,74.5,76.800003,75.465744,34059.0
2016-07-05,77.900002,77.900002,74.650002,75.300003,73.991798,21493.0
2016-07-07,75.300003,84.849998,73.099998,81.75,80.32974200000001,134476.0
2016-07-08,82.400002,82.400002,77.5,78.150002,76.792282,33145.0
2016-07-11,78.699997,81.0,78.0,78.599998,77.23446700000001,14936.0
2016-07-12,78.050003,79.449997,75.5,77.050003,75.711395,13464.0
2016-07-13,77.199997,78.699997,75.050003,77.150002,75.809662,7884.0
2016-07-14,77.699997,77.849998,75.25,77.0,75.662262,12883.0
2016-07-15,76.5,77.949997,74.75,76.75,75.41660300000001,13302.0
2016-07-18,74.699997,78.5,74.699997,77.0,75.662262,4031.0
2016-07-19,77.949997,78.199997,74.0,75.199997,73.893532,6266.0
2016-07-20,75.699997,78.599998,75.699997,77.449997,76.104439,8162.0
2016-07-21,76.699997,77.599998,75.150002,76.400002,75.07268499999999,6567.0
2016-07-22,75.699997,77.099998,73.699997,76.050003,74.728767,16887.0
2016-07-25,75.800003,77.599998,75.800003,76.650002,75.318344,7241.0
2016-07-26,78.0,82.0,75.550003,77.099998,75.760521,10393.0
2016-07-27,76.949997,78.199997,75.150002,76.699997,75.36747,7888.0
2016-07-28,78.0,78.150002,76.0,77.099998,75.760521,10116.0
2016-07-29,76.0,77.5,75.650002,76.75,75.41660300000001,26614.0
2016-08-01,76.349998,77.5,74.099998,74.800003,73.500488,9807.0
2016-08-02,74.5,76.849998,74.199997,75.0,73.697006,13849.0
2016-08-03,74.300003,75.0,72.400002,73.75,72.468727,8789.0
2016-08-04,72.5,74.849998,72.5,74.0,72.714386,3599.0
2016-08-05,73.650002,76.0,72.900002,74.400002,73.107437,12161.0
2016-08-08,74.900002,75.0,73.599998,74.949997,73.647873,11922.0
2016-08-09,74.5,74.5,72.5,73.349998,72.075676,6039.0
2016-08-10,73.0,75.75,71.5,71.949997,70.699997,10115.0
2016-08-11,71.550003,76.900002,71.5,71.949997,70.699997,9794.0
2016-08-12,72.0,73.449997,70.550003,71.849998,70.60173,4558.0
2016-08-16,71.849998,73.449997,70.650002,71.5,70.257813,4515.0
2016-08-17,71.150002,72.900002,70.300003,71.449997,70.208679,7478.0
2016-08-18,71.0,72.800003,69.0,70.099998,68.882133,12508.0
2016-08-19,69.5,71.5,68.0,70.599998,69.373451,5063.0
2016-08-22,70.0,70.0,68.0,68.550003,67.35906999999999,8719.0
2016-08-23,68.349998,69.300003,67.199997,67.599998,66.425568,35594.0
2016-08-24,68.900002,78.199997,67.199997,71.800003,70.552605,67642.0
2016-08-25,72.400002,74.0,70.25,71.400002,70.159554,9286.0
2016-08-26,70.800003,72.650002,70.0,71.400002,70.159554,5689.0
2016-08-29,70.800003,72.5,66.5,69.949997,68.734741,22509.0
2016-08-30,69.5,69.849998,68.5,69.349998,68.14516400000001,14227.0
2016-08-31,69.900002,71.5,69.300003,70.949997,69.71736899999999,11867.0
2016-09-01,71.75,73.0,70.099998,71.0,69.766502,10494.0
2016-09-02,70.199997,72.0,70.199997,71.599998,70.35607900000001,5885.0
2016-09-06,71.599998,71.650002,68.0,68.900002,67.702988,22821.0
2016-09-07,68.5,71.599998,68.199997,71.0,69.766502,15712.0
2016-09-08,70.5,76.25,70.0,73.400002,72.124809,50057.0
2016-09-09,74.0,75.449997,72.099998,73.25,71.977409,18835.0
2016-09-12,72.5,73.0,70.0,71.949997,70.699997,5774.0
2016-09-14,71.949997,72.0,70.0,71.550003,70.30695300000001,9548.0
2016-09-15,71.0,72.849998,70.0,71.800003,70.552605,23872.0
2016-09-16,72.900002,75.0,71.0,72.150002,70.896523,4901.0
2016-09-19,71.300003,74.0,70.5,72.650002,71.38784,8232.0
2016-09-20,72.0,72.650002,71.150002,71.849998,70.60173,4863.0
2016-09-21,72.150002,74.300003,71.300003,71.949997,70.699997,9611.0
2016-09-22,72.0,73.0,71.050003,72.0,72.0,7059.0
2016-09-23,72.099998,73.800003,70.599998,73.099998,73.099998,16756.0
2016-09-26,72.5,75.0,71.5,72.25,72.25,5960.0
2016-09-27,72.849998,76.0,72.849998,73.300003,73.300003,30570.0
2016-09-28,72.800003,76.0,72.0,74.099998,74.099998,14138.0
2016-09-29,73.5,75.5,71.099998,72.900002,72.900002,20724.0
2016-09-30,71.199997,72.0,70.0,71.75,71.75,19498.0
2016-10-03,72.0,73.949997,71.25,73.349998,73.349998,17513.0
2016-10-04,74.0,74.800003,72.550003,73.699997,73.699997,10596.0
2016-10-05,73.0,73.050003,72.25,72.599998,72.599998,6871.0
2016-10-06,72.400002,73.800003,72.400002,73.199997,73.199997,7434.0
2016-10-07,72.800003,73.199997,72.599998,72.900002,72.900002,4071.0
2016-10-10,73.900002,74.650002,71.199997,71.849998,71.849998,5783.0
2016-10-13,71.849998,71.849998,69.5,70.199997,70.199997,14489.0
2016-10-14,71.5,72.0,70.050003,70.75,70.75,11985.0
2016-10-17,71.0,71.900002,70.650002,71.349998,71.349998,3493.0
2016-10-18,71.0,72.5,71.0,72.099998,72.099998,8563.0
2016-10-19,72.099998,73.300003,71.0,71.800003,71.800003,8999.0
2016-10-20,73.0,73.5,71.550003,72.5,72.5,7215.0
2016-10-21,72.900002,73.5,70.800003,72.449997,72.449997,5388.0
2016-10-24,73.099998,78.25,73.099998,77.099998,77.099998,44530.0
2016-10-25,77.099998,85.800003,77.099998,80.199997,80.199997,257819.0
2016-10-26,80.900002,82.900002,78.25,79.900002,79.900002,25362.0
2016-10-27,79.900002,79.900002,74.0,76.199997,76.199997,20437.0
2016-10-28,78.0,78.0,74.449997,76.75,76.75,5022.0
2016-11-01,76.75,77.699997,74.599998,75.800003,75.800003,9348.0
2016-11-02,75.0,77.0,72.050003,76.099998,76.099998,15306.0
2016-11-03,75.5,76.550003,72.0,72.449997,72.449997,14751.0
2016-11-04,73.0,73.0,69.0,70.349998,70.349998,28206.0
2016-11-07,72.0,73.449997,71.599998,72.199997,72.199997,4424.0
2016-11-08,72.25,72.949997,70.5,71.5,71.5,15171.0
2016-11-09,65.0,70.150002,58.0,68.199997,68.199997,18210.0
2016-11-10,66.599998,69.949997,66.599998,69.050003,69.050003,7868.0
2016-11-11,68.5,68.5,65.5,67.300003,67.300003,10330.0
2016-11-15,67.300003,67.300003,61.450001,62.5,62.5,12338.0
2016-11-16,62.0,63.400002,59.299999,61.099998,61.099998,22339.0
2016-11-17,61.75,62.200001,61.0,62.0,62.0,5651.0
2016-11-18,61.5,62.950001,60.349998,62.650002,62.650002,2602.0
2016-11-21,62.0,62.0,60.0,60.900002,60.900002,4042.0
2016-11-22,61.0,61.349998,59.450001,61.25,61.25,12551.0
2016-11-23,60.700001,61.700001,60.049999,60.650002,60.650002,5155.0
2016-11-24,61.0,61.0,59.650002,60.299999,60.299999,3020.0
2016-11-25,61.0,62.0,60.299999,61.900002,61.900002,1907.0
2016-11-28,63.0,63.0,59.200001,61.25,61.25,3461.0
2016-11-29,63.25,66.099998,62.299999,63.450001,63.450001,3324.0
2016-11-30,62.849998,64.900002,61.5,63.650002,63.650002,13905.0
2016-12-01,65.900002,65.900002,63.0,63.950001,63.950001,1618.0
2016-12-02,63.5,63.75,62.0,63.549999,63.549999,2087.0
2016-12-05,62.099998,66.0,62.099998,64.099998,64.099998,4501.0
2016-12-06,63.5,65.0,62.200001,64.699997,64.699997,2974.0
2016-12-07,64.5,65.75,63.0,64.050003,64.050003,687.0
2016-12-08,64.099998,65.0,63.0,64.099998,64.099998,3753.0
2016-12-09,63.849998,64.5,62.549999,63.25,63.25,3734.0
2016-12-12,63.25,64.5,62.599998,63.099998,63.099998,5077.0
2016-12-13,62.799999,64.900002,62.5,64.25,64.25,3088.0
2016-12-14,63.0,65.0,62.400002,64.25,64.25,1222.0
2016-12-15,62.299999,64.949997,62.299999,64.550003,64.550003,666.0
2016-12-16,63.799999,64.300003,63.0,63.5,63.5,1836.0
2016-12-19,63.0,64.099998,62.299999,63.900002,63.900002,526.0
2016-12-20,64.0,64.0,62.599998,63.799999,63.799999,1034.0
2016-12-21,63.0,64.599998,62.349998,63.799999,63.799999,4616.0
2016-12-22,63.099998,63.099998,61.25,62.150002,62.150002,2653.0
2016-12-23,62.0,63.0,60.0,62.200001,62.200001,2203.0
2016-12-26,62.900002,62.900002,59.200001,60.099998,60.099998,13532.0
2016-12-27,59.299999,59.299999,57.349998,58.75,58.75,5622.0
2016-12-28,60.0,60.0,58.049999,59.200001,59.200001,3446.0
2016-12-29,58.549999,59.849998,58.299999,59.650002,59.650002,935.0
2016-12-30,61.0,61.400002,60.0,60.200001,60.200001,5121.0
2017-01-02,61.5,65.849998,60.700001,63.150002,63.150002,12970.0
2017-01-03,62.5,64.900002,62.0,64.300003,64.300003,7388.0
2017-01-04,65.0,65.0,62.650002,63.150002,63.150002,2589.0
2017-01-05,62.849998,64.449997,62.0,64.050003,64.050003,4203.0
2017-01-06,63.299999,65.900002,63.299999,65.25,65.25,6435.0
2017-01-09,65.25,66.0,63.450001,64.949997,64.949997,6152.0
2017-01-10,65.0,66.699997,65.0,65.050003,65.050003,11465.0
2017-01-11,64.099998,66.650002,64.099998,65.449997,65.449997,2509.0
2017-01-12,65.0,66.800003,64.0,66.099998,66.099998,2808.0
2017-01-13,65.550003,66.800003,64.800003,66.0,66.0,2755.0
2017-01-16,66.349998,66.5,65.0,66.099998,66.099998,917.0
2017-01-17,67.099998,67.099998,64.449997,65.199997,65.199997,5254.0
2017-01-18,65.0,65.400002,62.5,63.0,63.0,16159.0
2017-01-19,64.25,64.550003,63.349998,64.449997,64.449997,7636.0
2017-01-20,64.0,64.849998,62.700001,64.199997,64.199997,5178.0
2017-01-23,65.0,65.0,62.549999,63.900002,63.900002,2786.0
2017-01-24,63.799999,65.449997,63.099998,64.349998,64.349998,10826.0
2017-01-25,64.75,64.75,62.799999,63.650002,63.650002,6370.0
2017-01-27,63.650002,64.900002,62.450001,63.650002,63.650002,2846.0
2017-01-30,63.299999,63.849998,62.200001,63.099998,63.099998,7890.0
2017-01-31,63.5,63.799999,61.5,63.400002,63.400002,6953.0
2017-02-01,63.799999,66.949997,63.799999,66.099998,66.099998,26283.0
2017-02-02,64.5,67.75,64.5,65.949997,65.949997,10458.0
2017-02-03,66.75,66.900002,65.0,65.400002,65.400002,7787.0
2017-02-06,66.099998,68.0,65.199997,66.949997,66.949997,14052.0
2017-02-07,66.5,67.400002,65.0,66.5,66.5,9591.0
2017-02-08,65.5,67.949997,65.300003,67.300003,67.300003,3232.0
2017-02-09,67.0,68.0,67.0,67.5,67.5,3334.0
2017-02-10,68.0,68.0,65.0,66.150002,66.150002,4074.0
2017-02-13,67.0,67.0,63.0,64.099998,64.099998,9298.0
2017-02-14,65.5,65.5,63.099998,63.900002,63.900002,3867.0
2017-02-15,63.200001,63.650002,62.049999,62.700001,62.700001,5994.0
2017-02-16,62.5,64.949997,62.450001,63.349998,63.349998,1959.0
2017-02-17,64.349998,64.349998,62.299999,62.650002,62.650002,2646.0
2017-02-20,62.049999,63.599998,61.799999,62.0,62.0,13082.0
2017-02-21,63.650002,63.75,62.0,62.150002,62.150002,6314.0
2017-02-22,62.25,63.900002,62.25,63.25,63.25,7534.0
2017-02-23,62.25,63.599998,61.5,62.25,62.25,12167.0
2017-02-27,62.25,62.25,60.75,61.0,61.0,11880.0
2017-02-28,61.799999,62.400002,60.299999,61.400002,61.400002,4774.0
2017-03-01,61.0,64.099998,61.0,63.950001,63.950001,41561.0
2017-03-02,64.550003,64.550003,61.5,62.299999,62.299999,13372.0
2017-03-03,62.0,63.799999,60.900002,61.099998,61.099998,13622.0
2017-03-06,61.099998,62.299999,60.0,60.900002,60.900002,7350.0
2017-03-07,61.0,61.299999,59.5,60.0,60.0,14561.0
2017-03-08,60.849998,60.849998,58.0,58.799999,58.799999,17993.0
2017-03-09,58.650002,59.700001,58.0,58.700001,58.700001,7194.0
2017-03-10,59.450001,59.450001,56.700001,57.650002,57.650002,10980.0
2017-03-14,57.650002,58.150002,56.349998,57.0,57.0,31273.0
2017-03-15,57.25,60.900002,56.200001,58.049999,58.049999,41202.0
2017-03-16,58.0,59.400002,56.450001,58.849998,58.849998,37964.0
2017-03-17,58.299999,58.950001,57.5,57.849998,57.849998,9887.0
2017-03-20,58.700001,58.700001,56.5,57.0,57.0,23927.0
2017-03-21,56.900002,57.0,54.700001,55.200001,55.200001,36813.0
2017-03-22,55.200001,57.0,54.0,55.799999,55.799999,133667.0
2017-03-23,56.599998,58.0,56.599998,57.599998,57.599998,89754.0
2017-03-24,57.200001,59.200001,57.200001,57.650002,57.650002,63660.0
2017-03-27,57.0,57.400002,56.299999,56.450001,56.450001,5356.0
2017-03-28,57.400002,58.0,55.549999,55.900002,55.900002,24143.0
2017-03-29,55.299999,56.5,55.0,55.650002,55.650002,25116.0
2017-03-30,55.700001,57.299999,55.099998,55.650002,55.650002,24136.0
2017-03-31,55.599998,56.950001,55.450001,56.099998,56.099998,13751.0
2017-04-03,55.799999,57.299999,55.799999,56.950001,56.950001,9953.0
2017-04-05,56.950001,62.700001,56.950001,60.799999,60.799999,175096.0
2017-04-06,60.849998,61.75,59.700001,60.099998,60.099998,37124.0
2017-04-07,60.0,68.699997,59.0,63.150002,63.150002,619018.0
2017-04-10,63.75,67.900002,63.700001,65.300003,65.300003,203867.0
2017-04-11,65.300003,66.150002,63.5,64.050003,64.050003,42465.0
2017-04-12,65.400002,67.800003,63.599998,63.849998,63.849998,111119.0
2017-04-13,63.200001,64.5,63.0,63.349998,63.349998,7869.0
2017-04-17,63.349998,69.800003,63.349998,67.050003,67.050003,426999.0
2017-04-18,67.800003,69.5,63.150002,63.950001,63.950001,171452.0
2017-04-19,63.599998,65.5,63.0,64.550003,64.550003,46344.0
2017-04-20,64.599998,66.0,63.549999,64.300003,64.300003,51426.0
2017-04-21,64.300003,65.199997,62.700001,63.099998,63.099998,64022.0
2017-04-24,63.0,65.449997,63.0,64.349998,64.349998,68673.0
2017-04-25,64.050003,64.949997,62.400002,62.799999,62.799999,68923.0
2017-04-26,63.299999,63.75,59.349998,59.700001,59.700001,76212.0
2017-04-27,60.25,63.299999,60.200001,61.900002,61.900002,214650.0
2017-04-28,63.0,63.0,61.0,61.599998,61.599998,32442.0
2017-05-02,61.599998,62.400002,59.599998,59.950001,59.950001,48412.0
2017-05-03,60.200001,67.099998,60.200001,62.450001,62.450001,209650.0
2017-05-04,62.900002,63.450001,60.299999,60.700001,60.700001,63021.0
2017-05-05,60.5,61.150002,59.25,59.5,59.5,39391.0
2017-05-08,60.5,62.650002,58.0,60.150002,60.150002,107166.0
2017-05-09,60.299999,62.75,60.299999,61.650002,61.650002,145973.0
2017-05-10,61.549999,62.400002,60.099998,60.549999,60.549999,34418.0
2017-05-11,61.400002,61.400002,59.099998,59.400002,59.400002,39753.0
2017-05-12,59.799999,59.799999,57.799999,58.650002,58.650002,44384.0
2017-05-15,59.0,61.75,58.099998,60.950001,60.950001,178685.0
2017-05-16,61.349998,62.0,59.099998,60.099998,60.099998,38278.0
2017-05-17,61.0,61.200001,59.0,59.349998,59.349998,26758.0
2017-05-18,59.099998,59.099998,56.299999,56.599998,56.599998,65478.0
2017-05-19,57.0,57.75,55.0,55.349998,55.349998,47217.0
2017-05-22,54.5,55.900002,54.5,54.5,54.5,12098.0
2017-05-23,54.0,54.0,51.799999,51.799999,51.799999,19354.0
2017-05-24,52.950001,53.799999,49.25,52.150002,52.150002,47766.0
2017-05-25,50.5,52.900002,49.549999,51.5,51.5,14480.0
2017-05-26,49.450001,53.700001,49.450001,52.400002,52.400002,19027.0
2017-05-29,52.0,52.0,49.799999,50.049999,50.049999,9917.0
2017-05-30,47.700001,51.900002,47.549999,50.549999,50.549999,16382.0
2017-05-31,48.049999,48.849998,48.049999,48.049999,48.049999,5564.0
2017-06-01,46.200001,46.200001,45.650002,45.650002,45.650002,3754.0
2017-06-02,43.400002,43.400002,43.400002,43.400002,43.400002,3399.0
2017-06-05,41.400002,42.900002,41.25,41.25,41.25,100177.0
2017-06-06,39.200001,39.200001,39.200001,39.200001,39.200001,57247.0
2017-06-07,37.25,41.150002,37.25,41.150002,41.150002,190308.0
2017-06-08,42.900002,43.200001,40.0,40.549999,40.549999,81410.0
2017-06-09,40.0,40.0,38.549999,38.549999,38.549999,87937.0
2017-06-12,36.650002,39.700001,36.650002,36.799999,36.799999,37143.0
2017-06-13,36.900002,37.799999,35.0,35.0,35.0,79875.0
2017-06-14,34.849998,36.75,33.25,36.75,36.75,119864.0
2017-06-15,38.450001,38.549999,37.0,38.5,38.5,16589.0
2017-06-16,39.900002,39.900002,37.75,38.400002,38.400002,9355.0
2017-06-19,36.700001,38.25,36.5,36.549999,36.549999,18914.0
2017-06-20,35.400002,37.200001,34.75,36.349998,36.349998,15357.0
2017-06-21,34.700001,37.349998,34.549999,34.549999,34.549999,16932.0
2017-06-22,34.200001,34.200001,32.849998,32.849998,32.849998,28017.0
2017-06-23,32.900002,32.900002,31.25,31.25,31.25,42698.0
2017-06-27,31.25,31.25,29.700001,29.700001,29.700001,29674.0
2017-06-28,28.5,28.5,28.25,28.25,28.25,3936.0
2017-06-29,27.1,29.65,26.85,29.4,29.4,49942.0
2017-06-30,30.85,30.85,29.65,30.75,30.75,44299.0
2017-07-03,32.200001,32.200001,29.25,29.65,29.65,43531.0
2017-07-04,31.0,31.0,28.200001,28.200001,28.200001,81060.0
2017-07-05,26.9,29.0,26.9,28.65,28.65,27182.0
2017-07-06,29.6,29.799999,28.049999,28.65,28.65,25986.0
2017-07-07,28.65,29.549999,27.35,27.700001,27.700001,43661.0
2017-07-10,28.0,29.049999,27.0,28.549999,28.549999,7690.0
2017-07-11,28.5,28.700001,27.15,27.15,27.15,39992.0
2017-07-12,26.0,27.9,26.0,26.5,26.5,40604.0
2017-07-13,27.0,27.799999,25.4,26.950001,26.950001,45635.0
2017-07-14,28.200001,28.200001,26.5,27.049999,27.049999,41170.0
2017-07-17,27.049999,27.85,25.75,26.35,26.35,16963.0
2017-07-18,27.5,27.5,25.1,25.9,25.9,22105.0
2017-07-19,26.0,26.5,25.5,26.200001,26.200001,17671.0
2017-07-20,27.15,27.5,25.200001,27.049999,27.049999,44538.0
2017-07-21,27.0,28.4,26.5,28.4,28.4,81798.0
2017-07-24,29.799999,29.799999,29.799999,29.799999,29.799999,7481.0
2017-07-25,31.25,31.25,31.25,31.25,31.25,126276.0
2017-07-26,32.799999,32.799999,32.799999,32.799999,32.799999,160201.0
2017-07-27,34.400002,34.400002,33.400002,34.400002,34.400002,301015.0
2017-07-28,35.400002,36.099998,33.299999,36.099998,36.099998,96247.0
2017-07-31,37.900002,37.900002,37.900002,37.900002,37.900002,56915.0
2017-08-01,39.75,39.75,36.049999,38.049999,38.049999,218614.0
2017-08-02,38.5,38.5,36.150002,36.150002,36.150002,27638.0
2017-08-03,34.400002,34.400002,34.349998,34.349998,34.349998,12407.0
2017-08-04,32.650002,32.650002,32.650002,32.650002,32.650002,7577.0
2017-08-07,31.049999,31.1,31.049999,31.049999,31.049999,16904.0
2017-08-08,29.5,29.5,29.5,29.5,29.5,24631.0
2017-08-09,28.049999,30.950001,28.049999,30.950001,30.950001,62816.0
2017-08-10,31.9,31.9,29.450001,29.450001,29.450001,46763.0
2017-08-11,28.0,28.799999,28.0,28.200001,28.200001,47168.0
2017-08-14,28.25,29.299999,26.799999,26.799999,26.799999,48947.0
2017-08-16,26.799999,27.450001,25.6,27.1,27.1,55951.0
2017-08-17,28.15,28.450001,26.75,28.25,28.25,36999.0
2017-08-18,27.15,28.950001,27.15,28.15,28.15,14490.0
2017-08-21,28.5,28.5,26.75,26.75,26.75,14016.0
2017-08-22,25.450001,25.450001,25.450001,25.450001,25.450001,17044.0
2017-08-23,24.200001,25.4,24.200001,24.85,24.85,89312.0
2017-08-24,24.85,26.049999,24.4,26.049999,26.049999,25769.0
2017-08-28,26.049999,27.200001,26.049999,26.75,26.75,12637.0
2017-08-29,26.6,26.6,25.450001,25.450001,25.450001,24079.0
2017-08-30,25.15,25.4,24.200001,25.0,25.0,61016.0
2017-08-31,25.0,25.1,24.299999,24.950001,24.950001,13893.0
2017-09-01,25.0,26.15,24.799999,26.049999,26.049999,30047.0
2017-09-04,26.0,26.65,24.75,25.299999,25.299999,24032.0
2017-09-05,24.75,26.549999,24.75,26.549999,26.549999,43547.0
2017-09-06,27.0,27.85,27.0,27.85,27.85,99809.0
2017-09-07,28.85,29.200001,28.5,29.200001,29.200001,104125.0
2017-09-08,30.65,30.65,29.6,30.65,30.65,119003.0
2017-09-11,32.150002,32.150002,31.9,32.150002,32.150002,80394.0
2017-09-12,33.75,33.75,33.700001,33.75,33.75,49464.0
2017-09-13,35.400002,35.400002,32.099998,32.099998,32.099998,43708.0
2017-09-14,30.5,30.5,30.5,30.5,30.5,2374.0
2017-09-15,29.0,31.950001,29.0,29.85,29.85,97659.0
2017-09-18,30.65,30.700001,28.549999,29.1,29.1,32772.0
2017-09-19,29.0,29.0,28.0,28.450001,28.450001,21185.0
2017-09-20,27.65,28.450001,27.049999,27.049999,27.049999,88821.0
2017-09-21,27.049999,28.4,26.799999,28.15,28.15,31849.0
2017-09-22,27.15,28.85,26.75,26.75,26.75,52640.0
2017-09-25,25.450001,25.450001,25.450001,25.450001,25.450001,12789.0
2017-09-26,24.200001,26.700001,24.200001,26.700001,26.700001,52406.0
2017-09-27,27.6,28.0,26.5,26.75,26.75,38226.0
2017-09-28,27.700001,28.049999,26.1,27.049999,27.049999,23800.0
2017-09-29,27.1,27.799999,25.700001,25.700001,25.700001,24668.0
2017-10-03,25.700001,26.85,24.6,26.549999,26.549999,63769.0
2017-10-04,26.0,27.0,25.5,26.0,26.0,27894.0
2017-10-05,25.9,26.700001,24.75,25.5,25.5,39737.0
2017-10-06,25.9,26.75,25.299999,26.700001,26.700001,36268.0
2017-10-09,26.700001,27.6,25.700001,27.1,27.1,28240.0
2017-10-10,27.0,27.799999,26.200001,27.549999,27.549999,42363.0
2017-10-11,28.5,28.5,26.200001,26.200001,26.200001,19122.0
2017-10-12,25.6,26.700001,24.9,24.950001,24.950001,63234.0
2017-10-13,25.0,25.5,24.25,24.75,24.75,32216.0
2017-10-16,24.75,25.299999,23.75,24.549999,24.549999,25502.0
2017-10-17,24.049999,25.5,24.049999,25.200001,25.200001,16087.0
2017-10-18,25.4,26.0,24.299999,25.0,25.0,59954.0
2017-10-19,26.0,26.0,24.549999,25.75,25.75,8658.0
2017-10-23,25.75,25.950001,24.75,25.049999,25.049999,12640.0
2017-10-24,25.1,26.1,24.1,25.4,25.4,20826.0
2017-10-25,26.0,26.5,25.0,25.15,25.15,28500.0
2017-10-26,24.549999,25.700001,24.5,25.4,25.4,26285.0
2017-10-27,24.75,26.0,24.5,25.25,25.25,16095.0
2017-10-30,25.0,25.6,24.5,25.200001,25.200001,25804.0
2017-10-31,24.700001,25.75,24.700001,25.049999,25.049999,28880.0
2017-11-01,24.9,25.5,24.75,25.15,25.15,27910.0
2017-11-02,24.75,25.700001,23.9,23.9,23.9,70642.0
2017-11-03,23.200001,24.35,22.75,23.549999,23.549999,67769.0
2017-11-06,24.200001,24.200001,22.4,22.700001,22.700001,89586.0
2017-11-07,22.25,22.5,21.6,22.200001,22.200001,43568.0
2017-11-08,22.200001,23.299999,21.5,22.85,22.85,22413.0
2017-11-09,23.299999,23.299999,21.75,21.75,21.75,51309.0
2017-11-10,21.049999,21.1,20.700001,20.700001,20.700001,35996.0
2017-11-13,20.1,20.450001,19.700001,19.700001,19.700001,10943.0
2017-11-14,18.9,19.450001,18.75,18.75,18.75,50477.0
2017-11-15,17.85,18.5,17.85,17.85,17.85,32780.0
2017-11-16,17.0,17.0,17.0,17.0,17.0,7796.0
2017-11-17,16.15,17.85,16.15,17.700001,17.700001,293675.0
2017-11-20,17.35,18.549999,17.35,18.549999,18.549999,88772.0
2017-11-21,19.4,19.450001,19.0,19.450001,19.450001,35580.0
2017-11-22,20.4,20.4,20.4,20.4,20.4,21985.0
2017-11-23,21.4,21.4,21.4,21.4,21.4,27329.0
2017-11-24,22.450001,22.450001,20.5,22.450001,22.450001,470778.0
2017-11-27,23.549999,23.549999,23.1,23.549999,23.549999,37327.0
2017-11-28,24.700001,24.700001,24.700001,24.700001,24.700001,57955.0
2017-11-29,25.9,25.9,25.9,25.9,25.9,26652.0
2017-11-30,27.0,27.15,24.65,27.15,27.15,478207.0
2017-12-01,27.75,28.5,25.799999,25.799999,25.799999,337480.0
2017-12-04,24.549999,25.799999,24.549999,24.549999,24.549999,41503.0
2017-12-05,23.35,23.35,23.35,23.35,23.35,16230.0
2017-12-06,22.200001,24.15,22.200001,23.549999,23.549999,284247.0
2017-12-07,23.4,23.700001,22.4,22.4,22.4,41357.0
2017-12-08,22.1,23.5,21.5,23.5,23.5,41556.0
2017-12-11,24.5,24.5,22.6,23.0,23.0,37440.0
2017-12-12,22.6,23.0,22.0,22.4,22.4,22159.0
2017-12-13,22.549999,23.0,22.0,22.65,22.65,38545.0
2017-12-14,21.549999,23.200001,21.549999,22.049999,22.049999,18363.0
2017-12-15,22.0,22.799999,22.0,22.25,22.25,15258.0
2017-12-18,22.200001,22.450001,21.35,22.299999,22.299999,10431.0
2017-12-19,22.6,22.700001,21.65,22.25,22.25,22752.0
2017-12-20,21.15,22.0,21.15,21.9,21.9,80046.0
2017-12-21,21.5,22.4,20.85,20.85,20.85,88960.0
2017-12-22,19.85,21.85,19.85,21.85,21.85,118100.0
2017-12-26,21.85,22.9,21.85,22.85,22.85,80869.0
2017-12-27,23.0,23.0,22.299999,22.5,22.5,110655.0
2017-12-28,22.15,22.450001,21.4,21.85,21.85,109616.0
2017-12-29,22.0,22.9,22.0,22.799999,22.799999,45531.0
